,EdgesPerVertex,NUMTAB,NoDiag,SCALE,SCALEsampled,d4mScan,d4mWrite,d4mkTruss,engine,fused,k,kTrussAdjD4MTotal,kTrussAdjGraphulo,kTrussAdjNumpp,nnzFinal,numEntriesAfterCompact,numEntriesRightAfter,numiter,numpp,splitCompact,splitPoints,splitSizes,tAssoc,tCompactAdjUU,tCompactAdjUUDeg,tComputeAdjUUDeg,tFile,tInsertAdjUU,tname
DH_kTrussAdj__DH_pg18_20160331__k3__nt2__d4m|20160501-203227,d4m,2,d4m,18,14,3,0.2497,0.27188,3805117,d4m,,3.1027,d4m,d4m,20144,20144,20144,2,d4m,14.9198,25741,3.6243,d4m,d4m,d4m,d4m,d4m,d4m,3805155
DH_kTrussAdj__DH_pg18_20160331__k3__nt2__d4m|20160501-203640,,2,,18,14,24.2547,0.26889,0.27524,3805117,,,24.7988,,,20144,20144,20144,2,,15.0153,25741,3,,,,,,,3805155
DH_kTrussAdj__DH_pg18_20160331__k3__nt2__graphulo|20160501-202832,DH_pg18_20160331,2,DH_pg18_20160331,18,14,d4m,d4m,d4m,d4m,1,d4m,d4m,211.5632,DH_pg18_20160331,d4m,3805155,1036691,d4m,2199243,14.8475,25741,3,DH_pg18_20160331,DH_pg18_20160331,DH_pg18_20160331,DH_pg18_20160331,DH_pg18_20160331,DH_pg18_20160331,3805117
DH_pg18_20160331,16,DH_pg18_20160331,1,18,DH_pg18_20160331,d4m,d4m,d4m,DH_pg18_20160331,DH_pg18_20160331,DH_pg18_20160331,d4m,DH_pg18_20160331,2199243,d4m,DH_pg18_20160331,DH_pg18_20160331,d4m,DH_pg18_20160331,DH_pg18_20160331,DH_pg18_20160331,DH_pg18_20160331,8.069,32.6098,14.4357,13.9807,0.63966,16.012,DH_pg18_20160331
